<?xml version="1.0" encoding="UTF-8"?><rss version="2.0"
	xmlns:content="http://purl.org/rss/1.0/modules/content/"
	xmlns:wfw="http://wellformedweb.org/CommentAPI/"
	xmlns:dc="http://purl.org/dc/elements/1.1/"
	xmlns:atom="http://www.w3.org/2005/Atom"
	xmlns:sy="http://purl.org/rss/1.0/modules/syndication/"
	xmlns:slash="http://purl.org/rss/1.0/modules/slash/"
	>

<channel>
	<title>colori caldi &#8211; JF </title>
	<atom:link href="http://localhost/sito.esercizio/category/colori/colori-caldi/feed/?simply_static_page=311" rel="self" type="application/rss+xml" />
	<link></link>
	<description>Emozioni Fotografiche</description>
	<lastBuildDate>Thu, 02 Mar 2023 15:23:39 +0000</lastBuildDate>
	<language>it-IT</language>
	<sy:updatePeriod>
	hourly	</sy:updatePeriod>
	<sy:updateFrequency>
	1	</sy:updateFrequency>
	<generator>https://wordpress.org/?v=6.1.1</generator>

<image>
	<url>/wp-content/uploads/2023/03/cropped-cropped-Capitone-Ristorante-Logo-32x32.png</url>
	<title>colori caldi &#8211; JF </title>
	<link></link>
	<width>32</width>
	<height>32</height>
</image> 
	<item>
		<title>La gioia gialla</title>
		<link>/2023/03/02/la-gioia-gialla/</link>
					<comments>/2023/03/02/la-gioia-gialla/#respond</comments>
		
		<dc:creator><![CDATA[jen]]></dc:creator>
		<pubDate>Thu, 02 Mar 2023 15:20:35 +0000</pubDate>
				<category><![CDATA[Colori]]></category>
		<category><![CDATA[colori caldi]]></category>
		<guid isPermaLink="false">/?p=87</guid>

					<description><![CDATA[Come poteva mancare il colore della felicità in un sito in cui si parla di emozioni? ecco una carrellata di sole, spiagge, fiori e in generale gioie]]></description>
										<content:encoded><![CDATA[
<p>Come poteva mancare il colore della felicità in un sito in cui si parla di emozioni?</p>



<p>ecco una carrellata di sole, spiagge, fiori e in generale gioie</p>



<div class="is-layout-flex wp-container-4 wp-block-columns">
<div class="is-layout-flow wp-block-column">
<figure class="wp-block-image size-large is-resized"><img decoding="async" src="/wp-content/uploads/2023/03/fiume-giallo-819x1024.jpeg" alt="" class="wp-image-88" width="256" height="319" srcset="/wp-content/uploads/2023/03/fiume-giallo-819x1024.jpeg 819w, /wp-content/uploads/2023/03/fiume-giallo-240x300.jpeg 240w, /wp-content/uploads/2023/03/fiume-giallo-768x960.jpeg 768w, /wp-content/uploads/2023/03/fiume-giallo-600x750.jpeg 600w, /wp-content/uploads/2023/03/fiume-giallo.jpeg 1080w" sizes="(max-width: 256px) 100vw, 256px" /></figure>
</div>



<div class="is-layout-flow wp-block-column">
<figure class="wp-block-image size-large"><img decoding="async" width="1024" height="608" src="/wp-content/uploads/2023/03/girasoli-1024x608.jpeg" alt="" class="wp-image-89" srcset="/wp-content/uploads/2023/03/girasoli-1024x608.jpeg 1024w, /wp-content/uploads/2023/03/girasoli-300x178.jpeg 300w, /wp-content/uploads/2023/03/girasoli-768x456.jpeg 768w, /wp-content/uploads/2023/03/girasoli-600x357.jpeg 600w, /wp-content/uploads/2023/03/girasoli.jpeg 1200w" sizes="(max-width: 1024px) 100vw, 1024px" /></figure>
</div>



<div class="is-layout-flow wp-block-column">
<figure class="wp-block-image size-large"><img decoding="async" width="1024" height="683" src="/wp-content/uploads/2023/03/sole-1024x683.jpeg" alt="" class="wp-image-90" srcset="/wp-content/uploads/2023/03/sole-1024x683.jpeg 1024w, /wp-content/uploads/2023/03/sole-300x200.jpeg 300w, /wp-content/uploads/2023/03/sole-768x512.jpeg 768w, /wp-content/uploads/2023/03/sole-600x400.jpeg 600w, /wp-content/uploads/2023/03/sole.jpeg 1200w" sizes="(max-width: 1024px) 100vw, 1024px" /></figure>
</div>
</div>
]]></content:encoded>
					
					<wfw:commentRss>/2023/03/02/la-gioia-gialla/feed/</wfw:commentRss>
			<slash:comments>0</slash:comments>
		
		
			</item>
		<item>
		<title>La passione del rosso</title>
		<link>/2023/03/02/la-passione-del-rosso/</link>
					<comments>/2023/03/02/la-passione-del-rosso/#respond</comments>
		
		<dc:creator><![CDATA[jen]]></dc:creator>
		<pubDate>Thu, 02 Mar 2023 15:16:40 +0000</pubDate>
				<category><![CDATA[Colori]]></category>
		<category><![CDATA[colori caldi]]></category>
		<guid isPermaLink="false">/?p=82</guid>

					<description><![CDATA[Ecco a voi il signor Rosso, colore della passione che rendera questo sito un po&#8217; più armonioso. ci vuole sempre un po di rosso per rendere tutto più bello, ma visto che comincio a non avere più tanto tempo andiamo di foto]]></description>
										<content:encoded><![CDATA[
<p>Ecco a voi il signor Rosso, colore della passione che rendera questo sito un po&#8217; più armonioso.</p>



<p>ci vuole sempre un po di rosso per rendere tutto più bello, ma visto che comincio a non avere più tanto tempo andiamo di foto </p>



<div class="is-layout-flex wp-container-8 wp-block-columns">
<div class="is-layout-flow wp-block-column" style="flex-basis:25%">
<figure class="wp-block-image size-large"><img decoding="async" width="1024" height="584" src="/wp-content/uploads/2023/03/papaveri-1024x584.webp" alt="" class="wp-image-83" srcset="/wp-content/uploads/2023/03/papaveri-1024x584.webp 1024w, /wp-content/uploads/2023/03/papaveri-300x171.webp 300w, /wp-content/uploads/2023/03/papaveri-768x438.webp 768w, /wp-content/uploads/2023/03/papaveri-600x342.webp 600w, /wp-content/uploads/2023/03/papaveri.webp 1217w" sizes="(max-width: 1024px) 100vw, 1024px" /></figure>
</div>



<div class="is-layout-flow wp-block-column" style="flex-basis:50%">
<figure class="wp-block-image size-full is-resized"><img decoding="async" src="/wp-content/uploads/2023/03/tramonto.jpeg" alt="" class="wp-image-84" width="387" height="257"/></figure>
</div>



<div class="is-layout-flow wp-block-column" style="flex-basis:25%">
<figure class="wp-block-image size-large"><img decoding="async" width="1024" height="681" src="/wp-content/uploads/2023/03/foglie-rosse-1024x681.webp" alt="" class="wp-image-85" srcset="/wp-content/uploads/2023/03/foglie-rosse-1024x681.webp 1024w, /wp-content/uploads/2023/03/foglie-rosse-300x200.webp 300w, /wp-content/uploads/2023/03/foglie-rosse-768x511.webp 768w, /wp-content/uploads/2023/03/foglie-rosse-600x399.webp 600w, /wp-content/uploads/2023/03/foglie-rosse.webp 1300w" sizes="(max-width: 1024px) 100vw, 1024px" /></figure>
</div>
</div>
]]></content:encoded>
					
					<wfw:commentRss>/2023/03/02/la-passione-del-rosso/feed/</wfw:commentRss>
			<slash:comments>0</slash:comments>
		
		
			</item>
	</channel>
</rss>
