<?xml version="1.0" encoding="UTF-8"?><rss version="2.0"
	xmlns:content="http://purl.org/rss/1.0/modules/content/"
	xmlns:wfw="http://wellformedweb.org/CommentAPI/"
	xmlns:dc="http://purl.org/dc/elements/1.1/"
	xmlns:atom="http://www.w3.org/2005/Atom"
	xmlns:sy="http://purl.org/rss/1.0/modules/syndication/"
	xmlns:slash="http://purl.org/rss/1.0/modules/slash/"
	>

<channel>
	<title>Colori freddi &#8211; JF </title>
	<atom:link href="http://localhost/sito.esercizio/category/colori/colori-freddi/feed/?simply_static_page=342" rel="self" type="application/rss+xml" />
	<link></link>
	<description>Emozioni Fotografiche</description>
	<lastBuildDate>Thu, 02 Mar 2023 15:23:57 +0000</lastBuildDate>
	<language>it-IT</language>
	<sy:updatePeriod>
	hourly	</sy:updatePeriod>
	<sy:updateFrequency>
	1	</sy:updateFrequency>
	<generator>https://wordpress.org/?v=6.1.1</generator>

<image>
	<url>/wp-content/uploads/2023/03/cropped-cropped-Capitone-Ristorante-Logo-32x32.png</url>
	<title>Colori freddi &#8211; JF </title>
	<link></link>
	<width>32</width>
	<height>32</height>
</image> 
	<item>
		<title>Il conforto del verde</title>
		<link>/2023/03/02/il-conforto-del-verde/</link>
					<comments>/2023/03/02/il-conforto-del-verde/#respond</comments>
		
		<dc:creator><![CDATA[jen]]></dc:creator>
		<pubDate>Thu, 02 Mar 2023 15:11:22 +0000</pubDate>
				<category><![CDATA[Colori]]></category>
		<category><![CDATA[Colori freddi]]></category>
		<guid isPermaLink="false">/?p=78</guid>

					<description><![CDATA[Ecco il colore della speranza e della freschezza il colore della vita con un sacco di parole che non hanno senso per cui possiamo dire che devo riempire le righe perche se no è proprio brutta una pagina vuota. Ecco qualche foto del verde]]></description>
										<content:encoded><![CDATA[
<p>Ecco il colore della speranza e della freschezza</p>



<p>il colore della vita con un sacco di parole che non hanno senso per cui possiamo dire che devo riempire le righe perche se no è proprio brutta una pagina vuota.  Ecco qualche foto del verde</p>



<div class="is-layout-flex wp-container-3 wp-block-columns">
<div class="is-layout-flow wp-block-column">
<figure class="wp-block-image size-full"><img decoding="async" width="855" height="436" src="/wp-content/uploads/2023/03/palme.jpeg" alt="" class="wp-image-79" srcset="/wp-content/uploads/2023/03/palme.jpeg 855w, /wp-content/uploads/2023/03/palme-300x153.jpeg 300w, /wp-content/uploads/2023/03/palme-768x392.jpeg 768w, /wp-content/uploads/2023/03/palme-600x306.jpeg 600w" sizes="(max-width: 855px) 100vw, 855px" /></figure>
</div>



<div class="is-layout-flow wp-block-column">
<figure class="wp-block-image size-full"><img decoding="async" width="1000" height="667" src="/wp-content/uploads/2023/03/verde-lago.jpeg" alt="" class="wp-image-80" srcset="/wp-content/uploads/2023/03/verde-lago.jpeg 1000w, /wp-content/uploads/2023/03/verde-lago-300x200.jpeg 300w, /wp-content/uploads/2023/03/verde-lago-768x512.jpeg 768w, /wp-content/uploads/2023/03/verde-lago-600x400.jpeg 600w" sizes="(max-width: 1000px) 100vw, 1000px" /></figure>
</div>
</div>
]]></content:encoded>
					
					<wfw:commentRss>/2023/03/02/il-conforto-del-verde/feed/</wfw:commentRss>
			<slash:comments>0</slash:comments>
		
		
			</item>
		<item>
		<title>La bellezza del blu</title>
		<link>/2023/03/02/ciao-mondo/</link>
					<comments>/2023/03/02/ciao-mondo/#comments</comments>
		
		<dc:creator><![CDATA[jen]]></dc:creator>
		<pubDate>Thu, 02 Mar 2023 13:19:33 +0000</pubDate>
				<category><![CDATA[Colori]]></category>
		<category><![CDATA[Colori freddi]]></category>
		<guid isPermaLink="false">/?p=1</guid>

					<description><![CDATA[in questo articolo mi concentro sul colore blu, il colore del mare e del cielo, ma anche il colore della tristezza e del freddo non so cosa scrivere però inserisco dei caratteri per riempire questa pagina, poi metto qualche bella foto che ovviamente non ho fatto io perchè fondamentalmente non sono per niente una fotografa]]></description>
										<content:encoded><![CDATA[
<p>in questo articolo mi concentro sul colore blu, il colore del mare e del cielo, ma anche il colore della tristezza e del freddo</p>



<p>non so cosa scrivere però inserisco dei caratteri per riempire questa pagina, poi metto qualche bella foto che ovviamente non ho fatto io perchè fondamentalmente non sono per niente una fotografa</p>



<div class="is-layout-flex wp-container-7 wp-block-columns">
<div class="is-layout-flow wp-block-column">
<figure class="wp-block-image size-full is-resized"><img decoding="async" src="/wp-content/uploads/2023/03/montagna-1.jpeg" alt="" class="wp-image-74" width="259" height="146" srcset="/wp-content/uploads/2023/03/montagna-1.jpeg 479w, /wp-content/uploads/2023/03/montagna-1-300x170.jpeg 300w" sizes="(max-width: 259px) 100vw, 259px" /></figure>
</div>



<div class="is-layout-flow wp-block-column">
<figure class="wp-block-image size-large is-resized"><img decoding="async" src="/wp-content/uploads/2023/03/cielo-1-1024x683.jpeg" alt="" class="wp-image-75" width="260" height="173" srcset="/wp-content/uploads/2023/03/cielo-1-1024x683.jpeg 1024w, /wp-content/uploads/2023/03/cielo-1-300x200.jpeg 300w, /wp-content/uploads/2023/03/cielo-1-768x512.jpeg 768w, /wp-content/uploads/2023/03/cielo-1-1536x1024.jpeg 1536w, /wp-content/uploads/2023/03/cielo-1-600x400.jpeg 600w, /wp-content/uploads/2023/03/cielo-1.jpeg 1920w" sizes="(max-width: 260px) 100vw, 260px" /></figure>
</div>



<div class="is-layout-flow wp-block-column">
<figure class="wp-block-image size-full"><img decoding="async" width="480" height="278" src="/wp-content/uploads/2023/03/bluminescenza.jpeg" alt="" class="wp-image-76" srcset="/wp-content/uploads/2023/03/bluminescenza.jpeg 480w, /wp-content/uploads/2023/03/bluminescenza-300x174.jpeg 300w" sizes="(max-width: 480px) 100vw, 480px" /></figure>
</div>
</div>
]]></content:encoded>
					
					<wfw:commentRss>/2023/03/02/ciao-mondo/feed/</wfw:commentRss>
			<slash:comments>1</slash:comments>
		
		
			</item>
	</channel>
</rss>
