<?xml version="1.0" encoding="UTF-8"?><rss version="2.0"
	xmlns:content="http://purl.org/rss/1.0/modules/content/"
	xmlns:wfw="http://wellformedweb.org/CommentAPI/"
	xmlns:dc="http://purl.org/dc/elements/1.1/"
	xmlns:atom="http://www.w3.org/2005/Atom"
	xmlns:sy="http://purl.org/rss/1.0/modules/syndication/"
	xmlns:slash="http://purl.org/rss/1.0/modules/slash/"
	>

<channel>
	<title>JF </title>
	<atom:link href="http://localhost/sito.esercizio/feed/?simply_static_page=249" rel="self" type="application/rss+xml" />
	<link></link>
	<description>Emozioni Fotografiche</description>
	<lastBuildDate>Thu, 02 Mar 2023 15:30:54 +0000</lastBuildDate>
	<language>it-IT</language>
	<sy:updatePeriod>
	hourly	</sy:updatePeriod>
	<sy:updateFrequency>
	1	</sy:updateFrequency>
	<generator>https://wordpress.org/?v=6.1.1</generator>

<image>
	<url>/wp-content/uploads/2023/03/cropped-cropped-Capitone-Ristorante-Logo-32x32.png</url>
	<title>JF </title>
	<link></link>
	<width>32</width>
	<height>32</height>
</image> 
	<item>
		<title>Passeggiate in montagna</title>
		<link>/2023/03/02/passeggiate-in-montagna/</link>
					<comments>/2023/03/02/passeggiate-in-montagna/#respond</comments>
		
		<dc:creator><![CDATA[jen]]></dc:creator>
		<pubDate>Thu, 02 Mar 2023 15:30:54 +0000</pubDate>
				<category><![CDATA[montagna]]></category>
		<category><![CDATA[Paesaggi]]></category>
		<guid isPermaLink="false">/?p=95</guid>

					<description><![CDATA[camminiamo all&#8217;aria aperta fresca e frizzante di montagna]]></description>
										<content:encoded><![CDATA[
<p>camminiamo all&#8217;aria aperta fresca e frizzante di montagna</p>


<div class="wp-block-image">
<figure class="aligncenter size-full"><img decoding="async" width="565" height="300" src="/wp-content/uploads/2023/03/montagna-passeggiata.jpeg" alt="" class="wp-image-96" srcset="/wp-content/uploads/2023/03/montagna-passeggiata.jpeg 565w, /wp-content/uploads/2023/03/montagna-passeggiata-300x159.jpeg 300w" sizes="(max-width: 565px) 100vw, 565px" /></figure></div>]]></content:encoded>
					
					<wfw:commentRss>/2023/03/02/passeggiate-in-montagna/feed/</wfw:commentRss>
			<slash:comments>0</slash:comments>
		
		
			</item>
		<item>
		<title>Vacanze al mare</title>
		<link>/2023/03/02/vacanze-al-mare/</link>
					<comments>/2023/03/02/vacanze-al-mare/#respond</comments>
		
		<dc:creator><![CDATA[jen]]></dc:creator>
		<pubDate>Thu, 02 Mar 2023 15:28:38 +0000</pubDate>
				<category><![CDATA[mare]]></category>
		<category><![CDATA[Paesaggi]]></category>
		<guid isPermaLink="false">/?p=93</guid>

					<description><![CDATA[sole mare e spensieratezza]]></description>
										<content:encoded><![CDATA[
<p>sole mare e spensieratezza</p>


<div class="wp-block-image">
<figure class="aligncenter size-large is-resized"><img decoding="async" src="/wp-content/uploads/2023/03/marebello-1024x427.jpeg" alt="" class="wp-image-68" width="768" height="320" srcset="/wp-content/uploads/2023/03/marebello-1024x427.jpeg 1024w, /wp-content/uploads/2023/03/marebello-300x125.jpeg 300w, /wp-content/uploads/2023/03/marebello-768x320.jpeg 768w, /wp-content/uploads/2023/03/marebello-600x250.jpeg 600w, /wp-content/uploads/2023/03/marebello.jpeg 1200w" sizes="(max-width: 768px) 100vw, 768px" /></figure></div>]]></content:encoded>
					
					<wfw:commentRss>/2023/03/02/vacanze-al-mare/feed/</wfw:commentRss>
			<slash:comments>0</slash:comments>
		
		
			</item>
		<item>
		<title>La gioia gialla</title>
		<link>/2023/03/02/la-gioia-gialla/</link>
					<comments>/2023/03/02/la-gioia-gialla/#respond</comments>
		
		<dc:creator><![CDATA[jen]]></dc:creator>
		<pubDate>Thu, 02 Mar 2023 15:20:35 +0000</pubDate>
				<category><![CDATA[Colori]]></category>
		<category><![CDATA[colori caldi]]></category>
		<guid isPermaLink="false">/?p=87</guid>

					<description><![CDATA[Come poteva mancare il colore della felicità in un sito in cui si parla di emozioni? ecco una carrellata di sole, spiagge, fiori e in generale gioie]]></description>
										<content:encoded><![CDATA[
<p>Come poteva mancare il colore della felicità in un sito in cui si parla di emozioni?</p>



<p>ecco una carrellata di sole, spiagge, fiori e in generale gioie</p>



<div class="is-layout-flex wp-container-4 wp-block-columns">
<div class="is-layout-flow wp-block-column">
<figure class="wp-block-image size-large is-resized"><img decoding="async" src="/wp-content/uploads/2023/03/fiume-giallo-819x1024.jpeg" alt="" class="wp-image-88" width="256" height="319" srcset="/wp-content/uploads/2023/03/fiume-giallo-819x1024.jpeg 819w, /wp-content/uploads/2023/03/fiume-giallo-240x300.jpeg 240w, /wp-content/uploads/2023/03/fiume-giallo-768x960.jpeg 768w, /wp-content/uploads/2023/03/fiume-giallo-600x750.jpeg 600w, /wp-content/uploads/2023/03/fiume-giallo.jpeg 1080w" sizes="(max-width: 256px) 100vw, 256px" /></figure>
</div>



<div class="is-layout-flow wp-block-column">
<figure class="wp-block-image size-large"><img decoding="async" width="1024" height="608" src="/wp-content/uploads/2023/03/girasoli-1024x608.jpeg" alt="" class="wp-image-89" srcset="/wp-content/uploads/2023/03/girasoli-1024x608.jpeg 1024w, /wp-content/uploads/2023/03/girasoli-300x178.jpeg 300w, /wp-content/uploads/2023/03/girasoli-768x456.jpeg 768w, /wp-content/uploads/2023/03/girasoli-600x357.jpeg 600w, /wp-content/uploads/2023/03/girasoli.jpeg 1200w" sizes="(max-width: 1024px) 100vw, 1024px" /></figure>
</div>



<div class="is-layout-flow wp-block-column">
<figure class="wp-block-image size-large"><img decoding="async" width="1024" height="683" src="/wp-content/uploads/2023/03/sole-1024x683.jpeg" alt="" class="wp-image-90" srcset="/wp-content/uploads/2023/03/sole-1024x683.jpeg 1024w, /wp-content/uploads/2023/03/sole-300x200.jpeg 300w, /wp-content/uploads/2023/03/sole-768x512.jpeg 768w, /wp-content/uploads/2023/03/sole-600x400.jpeg 600w, /wp-content/uploads/2023/03/sole.jpeg 1200w" sizes="(max-width: 1024px) 100vw, 1024px" /></figure>
</div>
</div>
]]></content:encoded>
					
					<wfw:commentRss>/2023/03/02/la-gioia-gialla/feed/</wfw:commentRss>
			<slash:comments>0</slash:comments>
		
		
			</item>
		<item>
		<title>La passione del rosso</title>
		<link>/2023/03/02/la-passione-del-rosso/</link>
					<comments>/2023/03/02/la-passione-del-rosso/#respond</comments>
		
		<dc:creator><![CDATA[jen]]></dc:creator>
		<pubDate>Thu, 02 Mar 2023 15:16:40 +0000</pubDate>
				<category><![CDATA[Colori]]></category>
		<category><![CDATA[colori caldi]]></category>
		<guid isPermaLink="false">/?p=82</guid>

					<description><![CDATA[Ecco a voi il signor Rosso, colore della passione che rendera questo sito un po&#8217; più armonioso. ci vuole sempre un po di rosso per rendere tutto più bello, ma visto che comincio a non avere più tanto tempo andiamo di foto]]></description>
										<content:encoded><![CDATA[
<p>Ecco a voi il signor Rosso, colore della passione che rendera questo sito un po&#8217; più armonioso.</p>



<p>ci vuole sempre un po di rosso per rendere tutto più bello, ma visto che comincio a non avere più tanto tempo andiamo di foto </p>



<div class="is-layout-flex wp-container-8 wp-block-columns">
<div class="is-layout-flow wp-block-column" style="flex-basis:25%">
<figure class="wp-block-image size-large"><img decoding="async" width="1024" height="584" src="/wp-content/uploads/2023/03/papaveri-1024x584.webp" alt="" class="wp-image-83" srcset="/wp-content/uploads/2023/03/papaveri-1024x584.webp 1024w, /wp-content/uploads/2023/03/papaveri-300x171.webp 300w, /wp-content/uploads/2023/03/papaveri-768x438.webp 768w, /wp-content/uploads/2023/03/papaveri-600x342.webp 600w, /wp-content/uploads/2023/03/papaveri.webp 1217w" sizes="(max-width: 1024px) 100vw, 1024px" /></figure>
</div>



<div class="is-layout-flow wp-block-column" style="flex-basis:50%">
<figure class="wp-block-image size-full is-resized"><img decoding="async" src="/wp-content/uploads/2023/03/tramonto.jpeg" alt="" class="wp-image-84" width="387" height="257"/></figure>
</div>



<div class="is-layout-flow wp-block-column" style="flex-basis:25%">
<figure class="wp-block-image size-large"><img decoding="async" width="1024" height="681" src="/wp-content/uploads/2023/03/foglie-rosse-1024x681.webp" alt="" class="wp-image-85" srcset="/wp-content/uploads/2023/03/foglie-rosse-1024x681.webp 1024w, /wp-content/uploads/2023/03/foglie-rosse-300x200.webp 300w, /wp-content/uploads/2023/03/foglie-rosse-768x511.webp 768w, /wp-content/uploads/2023/03/foglie-rosse-600x399.webp 600w, /wp-content/uploads/2023/03/foglie-rosse.webp 1300w" sizes="(max-width: 1024px) 100vw, 1024px" /></figure>
</div>
</div>
]]></content:encoded>
					
					<wfw:commentRss>/2023/03/02/la-passione-del-rosso/feed/</wfw:commentRss>
			<slash:comments>0</slash:comments>
		
		
			</item>
		<item>
		<title>Il conforto del verde</title>
		<link>/2023/03/02/il-conforto-del-verde/</link>
					<comments>/2023/03/02/il-conforto-del-verde/#respond</comments>
		
		<dc:creator><![CDATA[jen]]></dc:creator>
		<pubDate>Thu, 02 Mar 2023 15:11:22 +0000</pubDate>
				<category><![CDATA[Colori]]></category>
		<category><![CDATA[Colori freddi]]></category>
		<guid isPermaLink="false">/?p=78</guid>

					<description><![CDATA[Ecco il colore della speranza e della freschezza il colore della vita con un sacco di parole che non hanno senso per cui possiamo dire che devo riempire le righe perche se no è proprio brutta una pagina vuota. Ecco qualche foto del verde]]></description>
										<content:encoded><![CDATA[
<p>Ecco il colore della speranza e della freschezza</p>



<p>il colore della vita con un sacco di parole che non hanno senso per cui possiamo dire che devo riempire le righe perche se no è proprio brutta una pagina vuota.  Ecco qualche foto del verde</p>



<div class="is-layout-flex wp-container-11 wp-block-columns">
<div class="is-layout-flow wp-block-column">
<figure class="wp-block-image size-full"><img decoding="async" width="855" height="436" src="/wp-content/uploads/2023/03/palme.jpeg" alt="" class="wp-image-79" srcset="/wp-content/uploads/2023/03/palme.jpeg 855w, /wp-content/uploads/2023/03/palme-300x153.jpeg 300w, /wp-content/uploads/2023/03/palme-768x392.jpeg 768w, /wp-content/uploads/2023/03/palme-600x306.jpeg 600w" sizes="(max-width: 855px) 100vw, 855px" /></figure>
</div>



<div class="is-layout-flow wp-block-column">
<figure class="wp-block-image size-full"><img decoding="async" width="1000" height="667" src="/wp-content/uploads/2023/03/verde-lago.jpeg" alt="" class="wp-image-80" srcset="/wp-content/uploads/2023/03/verde-lago.jpeg 1000w, /wp-content/uploads/2023/03/verde-lago-300x200.jpeg 300w, /wp-content/uploads/2023/03/verde-lago-768x512.jpeg 768w, /wp-content/uploads/2023/03/verde-lago-600x400.jpeg 600w" sizes="(max-width: 1000px) 100vw, 1000px" /></figure>
</div>
</div>
]]></content:encoded>
					
					<wfw:commentRss>/2023/03/02/il-conforto-del-verde/feed/</wfw:commentRss>
			<slash:comments>0</slash:comments>
		
		
			</item>
		<item>
		<title>La bellezza del blu</title>
		<link>/2023/03/02/ciao-mondo/</link>
					<comments>/2023/03/02/ciao-mondo/#comments</comments>
		
		<dc:creator><![CDATA[jen]]></dc:creator>
		<pubDate>Thu, 02 Mar 2023 13:19:33 +0000</pubDate>
				<category><![CDATA[Colori]]></category>
		<category><![CDATA[Colori freddi]]></category>
		<guid isPermaLink="false">/?p=1</guid>

					<description><![CDATA[in questo articolo mi concentro sul colore blu, il colore del mare e del cielo, ma anche il colore della tristezza e del freddo non so cosa scrivere però inserisco dei caratteri per riempire questa pagina, poi metto qualche bella foto che ovviamente non ho fatto io perchè fondamentalmente non sono per niente una fotografa]]></description>
										<content:encoded><![CDATA[
<p>in questo articolo mi concentro sul colore blu, il colore del mare e del cielo, ma anche il colore della tristezza e del freddo</p>



<p>non so cosa scrivere però inserisco dei caratteri per riempire questa pagina, poi metto qualche bella foto che ovviamente non ho fatto io perchè fondamentalmente non sono per niente una fotografa</p>



<div class="is-layout-flex wp-container-15 wp-block-columns">
<div class="is-layout-flow wp-block-column">
<figure class="wp-block-image size-full is-resized"><img decoding="async" src="/wp-content/uploads/2023/03/montagna-1.jpeg" alt="" class="wp-image-74" width="259" height="146" srcset="/wp-content/uploads/2023/03/montagna-1.jpeg 479w, /wp-content/uploads/2023/03/montagna-1-300x170.jpeg 300w" sizes="(max-width: 259px) 100vw, 259px" /></figure>
</div>



<div class="is-layout-flow wp-block-column">
<figure class="wp-block-image size-large is-resized"><img decoding="async" src="/wp-content/uploads/2023/03/cielo-1-1024x683.jpeg" alt="" class="wp-image-75" width="260" height="173" srcset="/wp-content/uploads/2023/03/cielo-1-1024x683.jpeg 1024w, /wp-content/uploads/2023/03/cielo-1-300x200.jpeg 300w, /wp-content/uploads/2023/03/cielo-1-768x512.jpeg 768w, /wp-content/uploads/2023/03/cielo-1-1536x1024.jpeg 1536w, /wp-content/uploads/2023/03/cielo-1-600x400.jpeg 600w, /wp-content/uploads/2023/03/cielo-1.jpeg 1920w" sizes="(max-width: 260px) 100vw, 260px" /></figure>
</div>



<div class="is-layout-flow wp-block-column">
<figure class="wp-block-image size-full"><img decoding="async" width="480" height="278" src="/wp-content/uploads/2023/03/bluminescenza.jpeg" alt="" class="wp-image-76" srcset="/wp-content/uploads/2023/03/bluminescenza.jpeg 480w, /wp-content/uploads/2023/03/bluminescenza-300x174.jpeg 300w" sizes="(max-width: 480px) 100vw, 480px" /></figure>
</div>
</div>
]]></content:encoded>
					
					<wfw:commentRss>/2023/03/02/ciao-mondo/feed/</wfw:commentRss>
			<slash:comments>1</slash:comments>
		
		
			</item>
	</channel>
</rss>
