<?xml version="1.0" encoding="UTF-8"?><rss version="2.0"
	xmlns:content="http://purl.org/rss/1.0/modules/content/"
	xmlns:dc="http://purl.org/dc/elements/1.1/"
	xmlns:atom="http://www.w3.org/2005/Atom"
	xmlns:sy="http://purl.org/rss/1.0/modules/syndication/"
	
	>
<channel>
	<title>
	Commenti a: Vacanze al mare	</title>
	<atom:link href="http://localhost/sito.esercizio/2023/03/02/vacanze-al-mare/feed/?simply_static_page=110" rel="self" type="application/rss+xml" />
	<link>/2023/03/02/vacanze-al-mare/</link>
	<description>Emozioni Fotografiche</description>
	<lastBuildDate>Thu, 02 Mar 2023 15:28:38 +0000</lastBuildDate>
	<sy:updatePeriod>
	hourly	</sy:updatePeriod>
	<sy:updateFrequency>
	1	</sy:updateFrequency>
	<generator>https://wordpress.org/?v=6.1.1</generator>
</channel>
</rss>
