<?xml version="1.0" encoding="UTF-8"?><rss version="2.0"
	xmlns:content="http://purl.org/rss/1.0/modules/content/"
	xmlns:wfw="http://wellformedweb.org/CommentAPI/"
	xmlns:dc="http://purl.org/dc/elements/1.1/"
	xmlns:atom="http://www.w3.org/2005/Atom"
	xmlns:sy="http://purl.org/rss/1.0/modules/syndication/"
	xmlns:slash="http://purl.org/rss/1.0/modules/slash/"
	>

<channel>
	<title>Paesaggi &#8211; JF </title>
	<atom:link href="http://localhost/sito.esercizio/category/paesaggi/feed/?simply_static_page=684" rel="self" type="application/rss+xml" />
	<link>./../../../</link>
	<description>Emozioni Fotografiche</description>
	<lastBuildDate>Thu, 02 Mar 2023 15:30:54 +0000</lastBuildDate>
	<language>it-IT</language>
	<sy:updatePeriod>
	hourly	</sy:updatePeriod>
	<sy:updateFrequency>
	1	</sy:updateFrequency>
	<generator>https://wordpress.org/?v=6.1.1</generator>

<image>
	<url>./../../../wp-content/uploads/2023/03/cropped-cropped-Capitone-Ristorante-Logo-32x32.png</url>
	<title>Paesaggi &#8211; JF </title>
	<link>./../../../</link>
	<width>32</width>
	<height>32</height>
</image> 
	<item>
		<title>Passeggiate in montagna</title>
		<link>./../../../2023/03/02/passeggiate-in-montagna/index.html</link>
					<comments>./../../../2023/03/02/passeggiate-in-montagna/index.html#respond</comments>
		
		<dc:creator><![CDATA[jen]]></dc:creator>
		<pubDate>Thu, 02 Mar 2023 15:30:54 +0000</pubDate>
				<category><![CDATA[montagna]]></category>
		<category><![CDATA[Paesaggi]]></category>
		<guid isPermaLink="false">./../../../index.html?p=95</guid>

					<description><![CDATA[camminiamo all&#8217;aria aperta fresca e frizzante di montagna]]></description>
										<content:encoded><![CDATA[
<p>camminiamo all&#8217;aria aperta fresca e frizzante di montagna</p>


<div class="wp-block-image">
<figure class="aligncenter size-full"><img decoding="async" width="565" height="300" src="./../../../wp-content/uploads/2023/03/montagna-passeggiata.jpeg" alt="" class="wp-image-96" srcset="./../../../wp-content/uploads/2023/03/montagna-passeggiata.jpeg 565w, ./../../../wp-content/uploads/2023/03/montagna-passeggiata-300x159.jpeg 300w" sizes="(max-width: 565px) 100vw, 565px" /></figure></div>]]></content:encoded>
					
					<wfw:commentRss>./../../../2023/03/02/passeggiate-in-montagna/feed/index.html</wfw:commentRss>
			<slash:comments>0</slash:comments>
		
		
			</item>
		<item>
		<title>Vacanze al mare</title>
		<link>./../../../2023/03/02/vacanze-al-mare/index.html</link>
					<comments>./../../../2023/03/02/vacanze-al-mare/index.html#respond</comments>
		
		<dc:creator><![CDATA[jen]]></dc:creator>
		<pubDate>Thu, 02 Mar 2023 15:28:38 +0000</pubDate>
				<category><![CDATA[mare]]></category>
		<category><![CDATA[Paesaggi]]></category>
		<guid isPermaLink="false">./../../../index.html?p=93</guid>

					<description><![CDATA[sole mare e spensieratezza]]></description>
										<content:encoded><![CDATA[
<p>sole mare e spensieratezza</p>


<div class="wp-block-image">
<figure class="aligncenter size-large is-resized"><img decoding="async" src="./../../../wp-content/uploads/2023/03/marebello-1024x427.jpeg" alt="" class="wp-image-68" width="768" height="320" srcset="./../../../wp-content/uploads/2023/03/marebello-1024x427.jpeg 1024w, ./../../../wp-content/uploads/2023/03/marebello-300x125.jpeg 300w, ./../../../wp-content/uploads/2023/03/marebello-768x320.jpeg 768w, ./../../../wp-content/uploads/2023/03/marebello-600x250.jpeg 600w, ./../../../wp-content/uploads/2023/03/marebello.jpeg 1200w" sizes="(max-width: 768px) 100vw, 768px" /></figure></div>]]></content:encoded>
					
					<wfw:commentRss>./../../../2023/03/02/vacanze-al-mare/feed/index.html</wfw:commentRss>
			<slash:comments>0</slash:comments>
		
		
			</item>
	</channel>
</rss>
